100,1,0.05,data/problem1.txt,8,0.984,193,0.8170375823974609
100,1,0.1,data/problem1.txt,8,0.984,209,0.9179656505584717
100,1,0.15,data/problem1.txt,8,0.9919354838709677,198,0.8579974174499512
100,2,0.05,data/problem1.txt,9,0.9761904761904762,140,0.5970003604888916
100,2,0.1,data/problem1.txt,10,0.8785714285714286,126,0.5510001182556152
100,2,0.15,data/problem1.txt,10,0.8785714285714286,137,0.6239991188049316
100,3,0.05,data/problem1.txt,10,0.8785714285714286,118,0.5179636478424072
300,2,0.1,data/problem1.txt,9,0.9761904761904762,182,3.885042905807495
300,2,0.1,data/problem1.txt,9,0.9761904761904762,247,4.305050373077393
100,1,0.05,data/problem1.txt,8,0.9609375,153,1.064976453781128
100,1,0.1,data/problem1.txt,8,0.9919354838709677,246,1.0470094680786133
100,1,0.15,data/problem1.txt,8,0.9919354838709677,227,0.9700117111206055
100,2,0.05,data/problem1.txt,9,0.9318181818181818,281,1.1810176372528076
100,2,0.1,data/problem1.txt,9,0.9761904761904762,124,0.5260035991668701
100,2,0.15,data/problem1.txt,9,0.9761904761904762,181,0.7630090713500977
100,3,0.05,data/problem1.txt,10,0.8785714285714286,154,0.6509730815887451
100,3,0.1,data/problem1.txt,10,0.8785714285714286,155,0.6580076217651367
100,3,0.15,data/problem1.txt,10,0.8785714285714286,156,0.6740081310272217
200,1,0.05,data/problem1.txt,8,0.9919354838709677,253,2.9970407485961914
200,1,0.1,data/problem1.txt,8,0.9919354838709677,244,3.2718262672424316
200,1,0.15,data/problem1.txt,8,0.9919354838709677,162,2.3259963989257812
200,2,0.05,data/problem1.txt,9,0.9761904761904762,214,3.069035291671753
200,2,0.1,data/problem1.txt,9,0.9761904761904762,137,1.7900221347808838
200,2,0.15,data/problem1.txt,9,0.9761904761904762,150,2.0059866905212402
200,3,0.05,data/problem1.txt,9,0.9111111111111111,122,1.6030189990997314
200,3,0.1,data/problem1.txt,10,0.8785714285714286,129,1.7780213356018066
200,3,0.15,data/problem1.txt,10,0.8785714285714286,125,1.6650550365447998
300,1,0.05,data/problem1.txt,8,0.9919354838709677,138,3.1230721473693848
300,1,0.1,data/problem1.txt,8,0.984,126,2.847034454345703
300,1,0.15,data/problem1.txt,8,0.9919354838709677,195,4.453053951263428
300,2,0.05,data/problem1.txt,9,0.9761904761904762,188,4.147050380706787
300,2,0.1,data/problem1.txt,9,0.9761904761904762,132,3.0039632320404053
300,2,0.15,data/problem1.txt,9,0.9761904761904762,194,4.45609188079834
300,3,0.05,data/problem1.txt,9,0.9761904761904762,152,3.375040292739868
300,3,0.1,data/problem1.txt,10,0.8785714285714286,120,2.7260289192199707
300,3,0.15,data/problem1.txt,9,0.9111111111111111,216,4.955024003982544
100,1,0.05,data/problem1.txt,8,0.984,126,0.7060441970825195
100,1,0.1,data/problem1.txt,8,0.9919354838709677,146,0.809006929397583
100,1,0.15,data/problem1.txt,8,0.984,168,0.9579722881317139
100,2,0.05,data/problem1.txt,10,0.8785714285714286,118,0.6310453414916992
100,2,0.1,data/problem1.txt,10,0.8785714285714286,158,0.8700065612792969
100,2,0.15,data/problem1.txt,10,0.8785714285714286,134,0.7340044975280762
100,3,0.05,data/problem1.txt,9,0.9761904761904762,187,1.0300164222717285
100,3,0.1,data/problem1.txt,10,0.8785714285714286,123,0.7000043392181396
100,3,0.15,data/problem1.txt,10,0.8785714285714286,386,2.1600306034088135
200,1,0.05,data/problem1.txt,8,0.984,139,1.7950170040130615
200,1,0.1,data/problem1.txt,8,0.984,136,1.7970616817474365
200,1,0.15,data/problem1.txt,8,0.9919354838709677,256,3.7040843963623047
200,2,0.05,data/problem1.txt,9,0.9318181818181818,130,1.7690248489379883
200,2,0.1,data/problem1.txt,9,0.9761904761904762,125,1.6310169696807861
200,2,0.15,data/problem1.txt,10,0.8785714285714286,137,1.8119821548461914
200,3,0.05,data/problem1.txt,9,0.9761904761904762,138,1.7900259494781494
200,3,0.1,data/problem1.txt,10,0.8785714285714286,135,1.8650612831115723
200,3,0.15,data/problem1.txt,10,0.8785714285714286,132,1.7770161628723145
300,1,0.05,data/problem1.txt,8,0.9919354838709677,153,3.507044553756714
300,1,0.1,data/problem1.txt,8,0.9919354838709677,131,2.9355204105377197
300,1,0.15,data/problem1.txt,8,0.9919354838709677,148,3.4140381813049316
300,2,0.05,data/problem1.txt,9,0.9761904761904762,178,3.971008777618408
300,2,0.1,data/problem1.txt,9,0.9761904761904762,149,3.3460395336151123
300,2,0.15,data/problem1.txt,9,0.9761904761904762,157,3.5810434818267822
300,3,0.05,data/problem1.txt,10,0.8785714285714286,120,2.7050299644470215
300,3,0.1,data/problem1.txt,10,0.8785714285714286,123,2.7650318145751953
300,3,0.15,data/problem1.txt,10,0.8785714285714286,133,3.039036512374878
100,1,0.05,data/problem1.txt,8,0.9919354838709677,236,1.3040530681610107
100,1,0.1,data/problem1.txt,8,0.9609375,149,0.8399715423583984
100,1,0.15,data/problem1.txt,8,0.984,193,1.091054916381836
100,2,0.05,data/problem1.txt,10,0.8785714285714286,130,0.7290117740631104
100,2,0.1,data/problem1.txt,9,0.9761904761904762,268,1.4800159931182861
100,2,0.15,data/problem1.txt,9,0.9761904761904762,170,0.9420151710510254
100,3,0.05,data/problem1.txt,10,0.8785714285714286,135,0.7230145931243896
100,3,0.1,data/problem1.txt,11,0.7987012987012987,115,0.643010139465332
100,3,0.15,data/problem1.txt,10,0.8785714285714286,123,0.6757218837738037
200,1,0.05,data/problem1.txt,8,0.9919354838709677,150,2.0620250701904297
200,1,0.1,data/problem1.txt,8,0.9919354838709677,166,2.204022169113159
200,1,0.15,data/problem1.txt,8,0.9919354838709677,217,2.8770358562469482
200,2,0.05,data/problem1.txt,10,0.8785714285714286,110,1.4200584888458252
200,2,0.1,data/problem1.txt,9,0.9761904761904762,167,2.4759886264801025
200,2,0.15,data/problem1.txt,9,0.9761904761904762,173,2.4060332775115967
200,3,0.05,data/problem1.txt,9,0.9761904761904762,163,2.0840249061584473
200,3,0.1,data/problem1.txt,10,0.8785714285714286,135,1.7520596981048584
200,3,0.15,data/problem1.txt,9,0.9111111111111111,210,2.8580002784729004
300,1,0.05,data/problem1.txt,8,0.984,125,2.8010332584381104
300,1,0.1,data/problem1.txt,8,0.9919354838709677,143,3.2710392475128174
300,1,0.15,data/problem1.txt,8,0.9919354838709677,220,5.025021076202393
300,2,0.05,data/problem1.txt,9,0.9761904761904762,139,3.127042055130005
300,2,0.1,data/problem1.txt,9,0.9761904761904762,187,4.19705057144165
300,2,0.15,data/problem1.txt,9,0.9761904761904762,154,3.557042360305786
300,3,0.05,data/problem1.txt,10,0.8785714285714286,130,2.956031560897827
300,3,0.1,data/problem1.txt,9,0.9761904761904762,132,2.989039897918701
300,3,0.15,data/problem1.txt,10,0.8785714285714286,124,2.841069221496582
100,1,0.05,data/problem1.txt,8,0.9919354838709677,142,0.7989757061004639
100,1,0.1,data/problem1.txt,8,0.9919354838709677,174,0.9660110473632812
100,1,0.15,data/problem1.txt,8,0.9919354838709677,225,1.2739789485931396
100,2,0.05,data/problem1.txt,9,0.9761904761904762,128,0.7399685382843018
100,2,0.1,data/problem1.txt,9,0.9318181818181818,128,0.7230038642883301
100,2,0.15,data/problem1.txt,9,0.9761904761904762,170,0.9590158462524414
100,3,0.05,data/problem1.txt,10,0.8785714285714286,112,0.6330029964447021
100,3,0.1,data/problem1.txt,9,0.9111111111111111,130,0.7040495872497559
100,3,0.15,data/problem1.txt,10,0.8785714285714286,111,0.6199703216552734
200,1,0.05,data/problem1.txt,8,0.984,139,1.7840576171875
200,1,0.1,data/problem1.txt,8,0.9919354838709677,142,1.856022834777832
200,1,0.15,data/problem1.txt,8,0.9919354838709677,206,2.724997043609619
200,2,0.05,data/problem1.txt,9,0.9761904761904762,138,1.7970175743103027
200,2,0.1,data/problem1.txt,10,0.8785714285714286,125,1.6430590152740479
200,2,0.15,data/problem1.txt,9,0.9761904761904762,169,2.510990858078003
200,3,0.05,data/problem1.txt,9,0.9761904761904762,133,1.839021921157837
200,3,0.1,data/problem1.txt,10,0.8785714285714286,198,2.5760293006896973
200,3,0.15,data/problem1.txt,9,0.9761904761904762,256,3.353076219558716
300,1,0.05,data/problem1.txt,8,0.9919354838709677,131,3.0529978275299072
300,1,0.1,data/problem1.txt,8,0.9919354838709677,162,3.674077033996582
300,1,0.15,data/problem1.txt,8,0.9919354838709677,175,3.981009006500244
300,2,0.05,data/problem1.txt,9,0.9761904761904762,127,3.023036479949951
300,2,0.1,data/problem1.txt,9,0.9761904761904762,130,2.9730355739593506
300,2,0.15,data/problem1.txt,9,0.9761904761904762,121,2.735037088394165
300,3,0.05,data/problem1.txt,9,0.9761904761904762,134,3.0090322494506836
300,3,0.1,data/problem1.txt,9,0.9761904761904762,178,4.059147119522095
300,3,0.15,data/problem1.txt,9,0.9761904761904762,144,3.2630343437194824
100,1,0.05,data/problem1.txt,8,0.9919354838709677,236,1.3190195560455322
100,1,0.1,data/problem1.txt,8,0.9919354838709677,310,1.7270207405090332
100,1,0.15,data/problem1.txt,8,0.9919354838709677,251,1.4160170555114746
100,2,0.05,data/problem1.txt,10,0.8785714285714286,132,0.723008394241333
100,2,0.1,data/problem1.txt,9,0.9761904761904762,156,0.8890538215637207
100,2,0.15,data/problem1.txt,10,0.8785714285714286,134,0.7710111141204834
100,3,0.05,data/problem1.txt,10,0.8785714285714286,125,0.6870095729827881
100,3,0.1,data/problem1.txt,9,0.9761904761904762,172,0.9630496501922607
100,3,0.15,data/problem1.txt,11,0.7987012987012987,114,0.6329734325408936
200,1,0.05,data/problem1.txt,8,0.9919354838709677,174,2.240022659301758
200,1,0.1,data/problem1.txt,8,0.9919354838709677,196,2.5420289039611816
200,1,0.15,data/problem1.txt,8,0.9919354838709677,139,1.8650240898132324
200,2,0.05,data/problem1.txt,10,0.8785714285714286,123,1.5920600891113281
200,2,0.1,data/problem1.txt,9,0.9761904761904762,203,2.6889967918395996
200,2,0.15,data/problem1.txt,9,0.9761904761904762,171,2.6470353603363037
200,3,0.05,data/problem1.txt,9,0.9761904761904762,202,2.6740665435791016
200,3,0.1,data/problem1.txt,9,0.9761904761904762,145,1.8863887786865234
200,3,0.15,data/problem1.txt,9,0.9761904761904762,222,3.34500789642334
300,1,0.05,data/problem1.txt,8,0.9919354838709677,172,3.9640815258026123
300,1,0.1,data/problem1.txt,8,0.9919354838709677,129,2.920037269592285
300,1,0.15,data/problem1.txt,8,0.9919354838709677,170,3.8630969524383545
300,2,0.05,data/problem1.txt,9,0.9761904761904762,256,5.721611499786377
300,2,0.1,data/problem1.txt,9,0.9761904761904762,144,3.2600762844085693
300,2,0.15,data/problem1.txt,9,0.9761904761904762,169,4.15700888633728
300,3,0.05,data/problem1.txt,10,0.8785714285714286,126,2.86507248878479
300,3,0.1,data/problem1.txt,10,0.8785714285714286,125,2.8139986991882324
300,3,0.15,data/problem1.txt,10,0.8785714285714286,133,3.0090363025665283
100,1,0.05,data/problem2.txt,14,1.0,86,0.481001615524292
100,1,0.1,data/problem2.txt,10,1.0,92,0.5280420780181885
100,1,0.15,data/problem2.txt,10,1.0,87,0.48996448516845703
100,2,0.05,data/problem2.txt,24,0.9222222222222223,177,0.9960167407989502
100,2,0.1,data/problem2.txt,23,0.9623188405797102,161,0.9270064830780029
100,2,0.15,data/problem2.txt,24,0.9222222222222223,226,1.2580132484436035
100,3,0.05,data/problem2.txt,25,0.8853333333333333,164,0.8940169811248779
100,3,0.1,data/problem2.txt,24,0.9222222222222223,245,1.335050344467163
100,3,0.15,data/problem2.txt,26,0.8512820512820513,131,0.7419772148132324
200,1,0.05,data/problem2.txt,11,1.0,53,0.7010414600372314
200,1,0.1,data/problem2.txt,12,1.0,49,0.656008243560791
200,1,0.15,data/problem2.txt,11,1.0,20,0.2700002193450928
200,2,0.05,data/problem2.txt,23,0.9299719887955182,224,2.9020726680755615
200,2,0.1,data/problem2.txt,23,0.9458689458689459,148,1.97198486328125
200,2,0.15,data/problem2.txt,23,0.9623188405797102,335,4.796057939529419
200,3,0.05,data/problem2.txt,24,0.9222222222222223,144,1.9730281829833984
200,3,0.1,data/problem2.txt,24,0.9222222222222223,150,1.9450583457946777
200,3,0.15,data/problem2.txt,23,0.9623188405797102,184,2.4329946041107178
300,1,0.05,data/problem2.txt,8,1.0,45,1.0290169715881348
300,1,0.1,data/problem2.txt,12,1.0,45,1.1529788970947266
300,1,0.15,data/problem2.txt,9,1.0,58,1.3770122528076172
300,2,0.05,data/problem2.txt,22,0.9707602339181286,165,3.7010443210601807
300,2,0.1,data/problem2.txt,22,0.9707602339181286,260,5.872107028961182
300,2,0.15,data/problem2.txt,23,0.9623188405797102,189,4.329012870788574
300,3,0.05,data/problem2.txt,23,0.9623188405797102,144,3.2070727348327637
300,3,0.1,data/problem2.txt,24,0.9222222222222223,150,3.4204018115997314
300,3,0.15,data/problem2.txt,23,0.9623188405797102,205,4.707095146179199
100,1,0.05,data/problem2.txt,11,1.0,90,0.5059714317321777
100,1,0.1,data/problem2.txt,13,1.0,81,0.45600152015686035
100,1,0.15,data/problem2.txt,12,1.0,60,0.34604525566101074
100,2,0.05,data/problem2.txt,23,0.924791086350975,152,0.8239712715148926
100,2,0.1,data/problem2.txt,23,0.9623188405797102,168,0.941009521484375
100,2,0.15,data/problem2.txt,23,0.9623188405797102,163,0.8990082740783691
100,3,0.05,data/problem2.txt,24,0.9222222222222223,141,0.7810094356536865
100,3,0.1,data/problem2.txt,25,0.8853333333333333,134,0.7420134544372559
100,3,0.15,data/problem2.txt,26,0.8512820512820513,172,0.9810101985931396
200,1,0.05,data/problem2.txt,11,1.0,34,0.4530060291290283
200,1,0.1,data/problem2.txt,11,1.0,49,0.6560428142547607
200,1,0.15,data/problem2.txt,12,1.0,48,0.6780107021331787
200,2,0.05,data/problem2.txt,24,0.9222222222222223,148,1.9229788780212402
200,2,0.1,data/problem2.txt,23,0.9623188405797102,132,1.7180249691009521
200,2,0.15,data/problem2.txt,23,0.9458689458689459,327,4.318051338195801
200,3,0.05,data/problem2.txt,24,0.9222222222222223,141,1.8140583038330078
200,3,0.1,data/problem2.txt,24,0.9222222222222223,137,1.803985357284546
200,3,0.15,data/problem2.txt,24,0.9222222222222223,165,2.218066692352295
300,1,0.05,data/problem2.txt,10,1.0,51,1.3200149536132812
300,1,0.1,data/problem2.txt,11,1.0,36,1.006971836090088
300,1,0.15,data/problem2.txt,10,1.0,41,1.01601243019104
300,2,0.05,data/problem2.txt,24,0.9222222222222223,125,2.823040008544922
300,2,0.1,data/problem2.txt,23,0.9623188405797102,192,4.41214656829834
300,2,0.15,data/problem2.txt,22,0.9485714285714286,200,4.599020004272461
300,3,0.05,data/problem2.txt,23,0.9623188405797102,139,3.100038766860962
300,3,0.1,data/problem2.txt,23,0.9623188405797102,219,5.032062530517578
300,3,0.15,data/problem2.txt,24,0.9222222222222223,143,3.243039131164551
100,1,0.05,data/problem2.txt,10,1.0,75,0.40804052352905273
100,1,0.1,data/problem2.txt,11,1.0,78,0.43404293060302734
100,1,0.15,data/problem2.txt,11,1.0,50,0.29500794410705566
100,2,0.05,data/problem2.txt,23,0.9352112676056338,143,0.7960102558135986
100,2,0.1,data/problem2.txt,24,0.9222222222222223,204,1.1400494575500488
100,2,0.15,data/problem2.txt,23,0.9458689458689459,168,0.9639742374420166
100,3,0.05,data/problem2.txt,25,0.8853333333333333,138,0.750004768371582
100,3,0.1,data/problem2.txt,24,0.9222222222222223,150,0.8330140113830566
100,3,0.15,data/problem2.txt,25,0.8853333333333333,188,1.0490479469299316
200,1,0.05,data/problem2.txt,12,1.0,50,0.6749670505523682
200,1,0.1,data/problem2.txt,10,1.0,54,0.7400467395782471
200,1,0.15,data/problem2.txt,12,1.0,39,0.5270018577575684
200,2,0.05,data/problem2.txt,23,0.9299719887955182,188,2.4450337886810303
200,2,0.1,data/problem2.txt,23,0.9623188405797102,190,2.4840681552886963
200,2,0.15,data/problem2.txt,23,0.9623188405797102,253,3.3350377082824707
200,3,0.05,data/problem2.txt,23,0.9623188405797102,150,1.9390184879302979
200,3,0.1,data/problem2.txt,25,0.8853333333333333,127,1.6890201568603516
200,3,0.15,data/problem2.txt,23,0.9623188405797102,248,3.237039566040039
300,1,0.05,data/problem2.txt,13,1.0,30,0.6870071887969971
300,1,0.1,data/problem2.txt,10,1.0,46,1.0653929710388184
300,1,0.15,data/problem2.txt,8,1.0,27,0.6250057220458984
300,2,0.05,data/problem2.txt,23,0.9458689458689459,146,3.2880747318267822
300,2,0.1,data/problem2.txt,23,0.9352112676056338,225,5.489027500152588
300,2,0.15,data/problem2.txt,23,0.9623188405797102,190,4.4850099086761475
300,3,0.05,data/problem2.txt,23,0.8853333333333333,127,2.850383996963501
300,3,0.1,data/problem2.txt,24,0.9222222222222223,157,3.700042724609375
300,3,0.15,data/problem2.txt,23,0.9623188405797102,161,3.6970064640045166
100,1,0.05,data/problem2.txt,10,1.0,93,0.5220067501068115
100,1,0.1,data/problem2.txt,8,1.0,74,0.41800928115844727
100,1,0.15,data/problem2.txt,12,1.0,58,0.3320000171661377
100,2,0.05,data/problem2.txt,23,0.924791086350975,221,1.2060565948486328
100,2,0.1,data/problem2.txt,23,0.9623188405797102,233,1.2999799251556396
100,2,0.15,data/problem2.txt,23,0.924791086350975,157,0.8970065116882324
100,3,0.05,data/problem2.txt,25,0.8853333333333333,137,0.7710096836090088
100,3,0.1,data/problem2.txt,24,0.9222222222222223,153,0.8740148544311523
100,3,0.15,data/problem2.txt,24,0.9222222222222223,270,1.5070140361785889
200,1,0.05,data/problem2.txt,14,1.0,39,0.5310111045837402
200,1,0.1,data/problem2.txt,11,1.0,34,0.46100497245788574
200,1,0.15,data/problem2.txt,11,1.0,61,0.8170056343078613
200,2,0.05,data/problem2.txt,23,0.9623188405797102,210,2.686032295227051
200,2,0.1,data/problem2.txt,23,0.924791086350975,127,1.6740243434906006
200,2,0.15,data/problem2.txt,24,0.9222222222222223,175,2.334852457046509
200,3,0.05,data/problem2.txt,24,0.9222222222222223,167,2.1750290393829346
200,3,0.1,data/problem2.txt,23,0.9623188405797102,152,1.9810657501220703
200,3,0.15,data/problem2.txt,26,0.8512820512820513,134,1.764021396636963
300,1,0.05,data/problem2.txt,8,1.0,40,0.9190154075622559
300,1,0.1,data/problem2.txt,14,1.0,44,1.0140142440795898
300,1,0.15,data/problem2.txt,12,1.0,67,1.5460548400878906
300,2,0.05,data/problem2.txt,24,0.9222222222222223,147,3.3330421447753906
300,2,0.1,data/problem2.txt,22,0.9485714285714286,275,6.202421426773071
300,2,0.15,data/problem2.txt,23,0.9623188405797102,157,3.5780770778656006
300,3,0.05,data/problem2.txt,24,0.9222222222222223,141,3.183997631072998
300,3,0.1,data/problem2.txt,23,0.9623188405797102,158,3.9990904331207275
300,3,0.15,data/problem2.txt,24,0.9222222222222223,150,3.420996904373169
100,1,0.05,data/problem2.txt,11,1.0,40,0.23200511932373047
100,1,0.1,data/problem2.txt,11,1.0,41,0.2460024356842041
100,1,0.15,data/problem2.txt,9,1.0,126,0.7260079383850098
100,2,0.05,data/problem2.txt,24,0.9222222222222223,274,1.4740519523620605
100,2,0.1,data/problem2.txt,24,0.8877005347593583,145,0.831977367401123
100,2,0.15,data/problem2.txt,23,0.9405099150141643,155,0.9980075359344482
100,3,0.05,data/problem2.txt,25,0.8853333333333333,114,0.7240109443664551
100,3,0.1,data/problem2.txt,24,0.9222222222222223,199,1.1430108547210693
100,3,0.15,data/problem2.txt,24,0.9222222222222223,199,1.1170134544372559
200,1,0.05,data/problem2.txt,13,1.0,42,0.550046443939209
200,1,0.1,data/problem2.txt,11,1.0,60,0.8050103187561035
200,1,0.15,data/problem2.txt,10,1.0,55,0.7399730682373047
200,2,0.05,data/problem2.txt,23,0.9623188405797102,154,1.9760193824768066
200,2,0.1,data/problem2.txt,23,0.9623188405797102,202,2.624070644378662
200,2,0.15,data/problem2.txt,23,0.9623188405797102,202,2.78108286857605
200,3,0.05,data/problem2.txt,25,0.8853333333333333,147,1.8849878311157227
200,3,0.1,data/problem2.txt,24,0.9222222222222223,148,1.9240162372589111
200,3,0.15,data/problem2.txt,25,0.8853333333333333,130,1.7150602340698242
300,1,0.05,data/problem2.txt,12,1.0,28,0.6519708633422852
300,1,0.1,data/problem2.txt,12,1.0,42,0.9830095767974854
300,1,0.15,data/problem2.txt,14,1.0,55,1.2790532112121582
300,2,0.05,data/problem2.txt,22,0.9485714285714286,215,4.841057777404785
300,2,0.1,data/problem2.txt,23,0.9623188405797102,255,5.762073516845703
300,2,0.15,data/problem2.txt,23,0.9458689458689459,139,3.2500948905944824
300,3,0.05,data/problem2.txt,23,0.9623188405797102,208,4.624054670333862
300,3,0.1,data/problem2.txt,24,0.9222222222222223,160,3.6210787296295166
300,3,0.15,data/problem2.txt,23,0.9623188405797102,260,6.045071601867676
100,1,0.05,data/problem3.txt,11,0.9973404255319149,150,1.2580204010009766
100,1,0.1,data/problem3.txt,9,0.9973404255319149,238,1.6080172061920166
100,1,0.15,data/problem3.txt,8,1.0,173,1.0300123691558838
100,2,0.05,data/problem3.txt,16,0.9236453201970444,176,0.9560396671295166
100,2,0.1,data/problem3.txt,16,0.9014423076923077,190,1.0260241031646729
100,2,0.15,data/problem3.txt,16,0.9375,280,1.5810186862945557
100,3,0.05,data/problem3.txt,18,0.8333333333333334,179,0.9710097312927246
100,3,0.1,data/problem3.txt,17,0.8823529411764706,140,0.7870097160339355
100,3,0.15,data/problem3.txt,17,0.8823529411764706,174,1.0550129413604736
200,1,0.05,data/problem3.txt,13,1.0,67,0.8990530967712402
200,1,0.1,data/problem3.txt,10,1.0,132,1.7490203380584717
200,1,0.15,data/problem3.txt,11,1.0,191,2.537034273147583
200,2,0.05,data/problem3.txt,16,0.8928571428571429,159,2.047980308532715
200,2,0.1,data/problem3.txt,16,0.9375,154,2.0039918422698975
200,2,0.15,data/problem3.txt,17,0.8823529411764706,120,1.6001200675964355
200,3,0.05,data/problem3.txt,16,0.9375,181,2.3220279216766357
200,3,0.1,data/problem3.txt,16,0.9375,257,3.3520426750183105
200,3,0.15,data/problem3.txt,17,0.8823529411764706,151,2.004067897796631
300,1,0.05,data/problem3.txt,8,1.0,72,1.638016700744629
300,1,0.1,data/problem3.txt,8,1.0,66,1.5129857063293457
300,1,0.15,data/problem3.txt,9,1.0,136,3.178994655609131
300,2,0.05,data/problem3.txt,16,0.9375,212,4.697023868560791
300,2,0.1,data/problem3.txt,16,0.9191176470588235,140,3.169036865234375
300,2,0.15,data/problem3.txt,16,0.9146341463414634,302,6.886085748672485
300,3,0.05,data/problem3.txt,17,0.8823529411764706,141,3.1530747413635254
300,3,0.1,data/problem3.txt,15,0.946969696969697,157,3.6030423641204834
300,3,0.15,data/problem3.txt,16,0.9375,180,4.537055492401123
100,1,0.05,data/problem3.txt,11,1.0,252,1.4139766693115234
100,1,0.1,data/problem3.txt,9,1.0,126,0.713045597076416
100,1,0.15,data/problem3.txt,10,0.9973404255319149,308,1.724022626876831
100,2,0.05,data/problem3.txt,16,0.9375,161,0.8930201530456543
100,2,0.1,data/problem3.txt,15,0.9305210918114144,159,0.8780086040496826
100,2,0.15,data/problem3.txt,17,0.8823529411764706,165,0.9950127601623535
100,3,0.05,data/problem3.txt,17,0.8581235697940504,137,0.7700095176696777
100,3,0.1,data/problem3.txt,17,0.8823529411764706,192,1.0839717388153076
100,3,0.15,data/problem3.txt,17,0.8581235697940504,143,0.7880470752716064
200,1,0.05,data/problem3.txt,12,0.9973404255319149,187,2.446061611175537
200,1,0.1,data/problem3.txt,11,1.0,103,1.3570210933685303
200,1,0.15,data/problem3.txt,9,1.0,131,1.7230165004730225
200,2,0.05,data/problem3.txt,16,0.9375,131,1.6960198879241943
200,2,0.1,data/problem3.txt,16,0.9191176470588235,152,2.0149893760681152
200,2,0.15,data/problem3.txt,16,0.9375,309,4.077059030532837
200,3,0.05,data/problem3.txt,16,0.9101941747572816,279,3.6120433807373047
200,3,0.1,data/problem3.txt,16,0.9375,276,3.6470792293548584
200,3,0.15,data/problem3.txt,16,0.9375,281,3.70904803276062
300,1,0.05,data/problem3.txt,9,1.0,78,1.7870264053344727
300,1,0.1,data/problem3.txt,10,1.0,90,2.055020570755005
300,1,0.15,data/problem3.txt,8,1.0,105,2.403407573699951
300,2,0.05,data/problem3.txt,16,0.9236453201970444,148,3.3580400943756104
300,2,0.1,data/problem3.txt,16,0.9375,151,3.4139981269836426
300,2,0.15,data/problem3.txt,16,0.9375,212,8.700136423110962
300,3,0.05,data/problem3.txt,17,0.8823529411764706,175,5.445109844207764
300,3,0.1,data/problem3.txt,16,0.9375,161,4.798057556152344
300,3,0.15,data/problem3.txt,16,0.9375,244,7.409094333648682
100,1,0.05,data/problem3.txt,9,1.0,136,0.9760167598724365
100,1,0.1,data/problem3.txt,9,0.9973404255319149,136,1.0370509624481201
100,1,0.15,data/problem3.txt,8,0.9973404255319149,243,1.751020908355713
100,2,0.05,data/problem3.txt,17,0.8581235697940504,165,0.9749760627746582
100,2,0.1,data/problem3.txt,17,0.8700696055684455,222,1.244051456451416
100,2,0.15,data/problem3.txt,16,0.9014423076923077,195,1.0809738636016846
100,3,0.05,data/problem3.txt,19,0.7894736842105263,136,0.7500483989715576
100,3,0.1,data/problem3.txt,17,0.8408071748878924,173,0.955021858215332
100,3,0.15,data/problem3.txt,17,0.8823529411764706,276,1.5179803371429443
200,1,0.05,data/problem3.txt,10,0.9973404255319149,224,2.910034656524658
200,1,0.1,data/problem3.txt,10,1.0,113,1.4860224723815918
200,1,0.15,data/problem3.txt,10,1.0,112,1.5299832820892334
200,2,0.05,data/problem3.txt,16,0.9236453201970444,141,1.8179864883422852
200,2,0.1,data/problem3.txt,15,0.9640102827763496,201,2.6150639057159424
200,2,0.15,data/problem3.txt,16,0.8971291866028708,205,2.705030918121338
200,3,0.05,data/problem3.txt,18,0.8333333333333334,118,1.5090198516845703
200,3,0.1,data/problem3.txt,17,0.8823529411764706,140,1.8590197563171387
200,3,0.15,data/problem3.txt,17,0.8823529411764706,173,2.275984764099121
300,1,0.05,data/problem3.txt,9,1.0,66,1.4950530529022217
300,1,0.1,data/problem3.txt,9,1.0,95,2.1690618991851807
300,1,0.15,data/problem3.txt,9,1.0,121,2.7920637130737305
300,2,0.05,data/problem3.txt,15,0.9398496240601504,183,4.146046876907349
300,2,0.1,data/problem3.txt,16,0.9375,165,4.1190080642700195
300,2,0.15,data/problem3.txt,16,0.9375,164,3.7060799598693848
300,3,0.05,data/problem3.txt,16,0.9375,182,4.177765369415283
300,3,0.1,data/problem3.txt,16,0.8907363420427553,132,2.9720356464385986
300,3,0.15,data/problem3.txt,16,0.9375,166,3.7550408840179443
100,1,0.05,data/problem3.txt,8,1.0,238,1.3130156993865967
100,1,0.1,data/problem3.txt,10,0.9973404255319149,218,1.2352299690246582
100,1,0.15,data/problem3.txt,11,1.0,113,0.6879673004150391
100,2,0.05,data/problem3.txt,17,0.8823529411764706,180,1.006051778793335
100,2,0.1,data/problem3.txt,15,0.9493670886075949,225,1.2510135173797607
100,2,0.15,data/problem3.txt,16,0.9375,335,1.8780193328857422
100,3,0.05,data/problem3.txt,17,0.8581235697940504,197,1.0750482082366943
100,3,0.1,data/problem3.txt,17,0.8823529411764706,127,0.7000083923339844
100,3,0.15,data/problem3.txt,16,0.8971291866028708,195,1.099029779434204
200,1,0.05,data/problem3.txt,13,1.0,92,1.1970536708831787
200,1,0.1,data/problem3.txt,8,1.0,139,1.8350226879119873
200,1,0.15,data/problem3.txt,9,0.9973404255319149,264,3.560039520263672
200,2,0.05,data/problem3.txt,16,0.9375,180,2.3350112438201904
200,2,0.1,data/problem3.txt,16,0.9236453201970444,146,1.9270191192626953
200,2,0.15,data/problem3.txt,16,0.9375,278,3.655071258544922
200,3,0.05,data/problem3.txt,17,0.8823529411764706,172,2.265016555786133
200,3,0.1,data/problem3.txt,17,0.8823529411764706,185,2.4200217723846436
200,3,0.15,data/problem3.txt,17,0.8823529411764706,145,1.9090516567230225
300,1,0.05,data/problem3.txt,9,1.0,58,1.3370115756988525
300,1,0.1,data/problem3.txt,9,1.0,46,1.061009168624878
300,1,0.15,data/problem3.txt,8,1.0,106,2.42301344871521
300,2,0.05,data/problem3.txt,16,0.9375,155,3.5720179080963135
300,2,0.1,data/problem3.txt,15,0.974025974025974,330,7.826161623001099
300,2,0.15,data/problem3.txt,16,0.9375,166,3.9380245208740234
300,3,0.05,data/problem3.txt,15,0.9259259259259259,135,3.0510239601135254
300,3,0.1,data/problem3.txt,16,0.9375,248,5.586008548736572
300,3,0.15,data/problem3.txt,16,0.9375,169,3.9490344524383545
100,1,0.05,data/problem3.txt,9,0.9973404255319149,244,1.3580143451690674
100,1,0.1,data/problem3.txt,8,0.9973404255319149,250,1.4120090007781982
100,1,0.15,data/problem3.txt,8,1.0,259,1.4609746932983398
100,2,0.05,data/problem3.txt,15,0.9541984732824428,298,1.6560168266296387
100,2,0.1,data/problem3.txt,16,0.8886255924170616,147,0.8269679546356201
100,2,0.15,data/problem3.txt,16,0.9146341463414634,175,0.9880485534667969
100,3,0.05,data/problem3.txt,18,0.8333333333333334,121,0.6749711036682129
100,3,0.1,data/problem3.txt,17,0.8823529411764706,171,0.9740486145019531
100,3,0.15,data/problem3.txt,17,0.8823529411764706,191,1.0640082359313965
200,1,0.05,data/problem3.txt,12,1.0,94,1.2490088939666748
200,1,0.1,data/problem3.txt,9,1.0,112,1.4860100746154785
200,1,0.15,data/problem3.txt,11,1.0,100,1.3320467472076416
200,2,0.05,data/problem3.txt,15,0.9445843828715366,214,2.7960219383239746
200,2,0.1,data/problem3.txt,16,0.9375,261,3.4890317916870117
200,2,0.15,data/problem3.txt,16,0.9101941747572816,154,2.0180184841156006
200,3,0.05,data/problem3.txt,17,0.8823529411764706,133,1.7009761333465576
200,3,0.1,data/problem3.txt,16,0.8971291866028708,149,1.947056531906128
200,3,0.15,data/problem3.txt,16,0.9375,175,2.3070178031921387
300,1,0.05,data/problem3.txt,10,1.0,49,1.1190154552459717
300,1,0.1,data/problem3.txt,9,1.0,83,2.0169827938079834
300,1,0.15,data/problem3.txt,10,1.0,139,3.5260653495788574
300,2,0.05,data/problem3.txt,16,0.9375,160,3.6770291328430176
300,2,0.1,data/problem3.txt,16,0.9375,201,4.762043476104736
300,2,0.15,data/problem3.txt,15,0.9259259259259259,187,4.376040697097778
300,3,0.05,data/problem3.txt,16,0.9375,168,3.7380378246307373
300,3,0.1,data/problem3.txt,16,0.9036144578313253,160,3.6580700874328613
300,3,0.15,data/problem3.txt,15,0.9615384615384616,187,4.246075868606567
100,1,0.05,data/problem4.txt,9,0.9978494623655914,178,0.977043628692627
100,1,0.1,data/problem4.txt,11,1.0,85,0.478743314743042
100,1,0.15,data/problem4.txt,15,1.0,317,1.8080549240112305
100,2,0.05,data/problem4.txt,18,0.9133858267716536,140,0.7519652843475342
100,2,0.1,data/problem4.txt,20,0.928,174,0.9520082473754883
100,2,0.15,data/problem4.txt,19,0.9411764705882353,186,1.0270087718963623
100,3,0.05,data/problem4.txt,20,0.928,145,0.8180463314056396
100,3,0.1,data/problem4.txt,20,0.928,274,1.545018196105957
100,3,0.15,data/problem4.txt,21,0.8838095238095238,227,1.2590456008911133
200,1,0.05,data/problem4.txt,10,1.0,84,1.1159698963165283
200,1,0.1,data/problem4.txt,16,0.9978494623655914,176,2.2910237312316895
200,1,0.15,data/problem4.txt,11,1.0,115,1.5150084495544434
200,2,0.05,data/problem4.txt,21,0.8608534322820037,180,2.3100199699401855
200,2,0.1,data/problem4.txt,19,0.9567010309278351,170,2.2549898624420166
200,2,0.15,data/problem4.txt,20,0.928,191,2.530057191848755
200,3,0.05,data/problem4.txt,20,0.8905950095969289,121,1.542975902557373
200,3,0.1,data/problem4.txt,19,0.9469387755102041,179,2.403024673461914
200,3,0.15,data/problem4.txt,20,0.928,192,2.5280537605285645
300,1,0.05,data/problem4.txt,11,1.0,41,0.9349663257598877
300,1,0.1,data/problem4.txt,10,1.0,114,2.654062032699585
300,1,0.15,data/problem4.txt,11,1.0,110,2.8950259685516357
300,2,0.05,data/problem4.txt,20,0.928,129,2.95198655128479
300,2,0.1,data/problem4.txt,19,0.945010183299389,368,8.435072660446167
300,2,0.15,data/problem4.txt,19,0.9298597194388778,369,8.403074026107788
300,3,0.05,data/problem4.txt,20,0.928,143,3.2120230197906494
300,3,0.1,data/problem4.txt,19,0.9469387755102041,339,7.627069473266602
300,3,0.15,data/problem4.txt,19,0.9354838709677419,198,4.565035104751587
100,1,0.05,data/problem4.txt,9,1.0,94,0.5120043754577637
100,1,0.1,data/problem4.txt,14,1.0,125,0.7020101547241211
100,1,0.15,data/problem4.txt,12,1.0,127,0.7190022468566895
100,2,0.05,data/problem4.txt,20,0.928,158,0.848013162612915
100,2,0.1,data/problem4.txt,19,0.9188118811881189,183,1.0110046863555908
100,2,0.15,data/problem4.txt,20,0.862453531598513,154,0.8440077304840088
100,3,0.05,data/problem4.txt,21,0.8838095238095238,232,1.2500121593475342
100,3,0.1,data/problem4.txt,20,0.9009708737864077,152,0.8510403633117676
100,3,0.15,data/problem4.txt,20,0.928,142,0.8010094165802002
200,1,0.05,data/problem4.txt,12,1.0,50,0.6930062770843506
200,1,0.1,data/problem4.txt,12,1.0,69,0.9420075416564941
200,1,0.15,data/problem4.txt,11,1.0,95,1.2670111656188965
200,2,0.05,data/problem4.txt,19,0.9373737373737374,347,4.449043035507202
200,2,0.1,data/problem4.txt,20,0.90625,154,2.0120551586151123
200,2,0.15,data/problem4.txt,20,0.928,155,2.049975633621216
200,3,0.05,data/problem4.txt,19,0.9768421052631578,258,3.4070334434509277
200,3,0.1,data/problem4.txt,20,0.9009708737864077,129,1.9970593452453613
200,3,0.15,data/problem4.txt,19,0.9411764705882353,162,2.2079761028289795
300,1,0.05,data/problem4.txt,13,1.0,96,2.160022497177124
300,1,0.1,data/problem4.txt,12,1.0,50,1.1400070190429688
300,1,0.15,data/problem4.txt,11,1.0,148,3.510030746459961
300,2,0.05,data/problem4.txt,19,0.9488752556237219,196,4.443073749542236
300,2,0.1,data/problem4.txt,19,0.9336016096579477,155,3.508085012435913
300,2,0.15,data/problem4.txt,20,0.928,172,3.958031177520752
300,3,0.05,data/problem4.txt,20,0.928,146,3.2530252933502197
300,3,0.1,data/problem4.txt,20,0.928,253,5.74904990196228
300,3,0.15,data/problem4.txt,20,0.8957528957528957,130,3.0160253047943115
100,1,0.05,data/problem4.txt,10,0.9978494623655914,194,1.0600090026855469
100,1,0.1,data/problem4.txt,10,1.0,125,0.7210054397583008
100,1,0.15,data/problem4.txt,11,1.0,91,0.5040080547332764
100,2,0.05,data/problem4.txt,19,0.9527720739219713,191,1.056051254272461
100,2,0.1,data/problem4.txt,20,0.928,142,0.7889626026153564
100,2,0.15,data/problem4.txt,19,0.945010183299389,256,1.4510133266448975
100,3,0.05,data/problem4.txt,21,0.8838095238095238,148,0.806011438369751
100,3,0.1,data/problem4.txt,20,0.8957528957528957,170,0.9400091171264648
100,3,0.15,data/problem4.txt,21,0.8838095238095238,142,0.804004430770874
200,1,0.05,data/problem4.txt,13,1.0,72,0.9460058212280273
200,1,0.1,data/problem4.txt,13,1.0,47,0.6330099105834961
200,1,0.15,data/problem4.txt,11,1.0,96,1.3140473365783691
200,2,0.05,data/problem4.txt,19,0.9224652087475149,287,3.671999216079712
200,2,0.1,data/problem4.txt,19,0.9567010309278351,229,3.0010578632354736
200,2,0.15,data/problem4.txt,19,0.9567010309278351,177,2.331019639968872
200,3,0.05,data/problem4.txt,21,0.8838095238095238,152,2.004016637802124
200,3,0.1,data/problem4.txt,21,0.8838095238095238,149,1.9690141677856445
200,3,0.15,data/problem4.txt,20,0.928,194,2.99603009223938
300,1,0.05,data/problem4.txt,11,1.0,92,2.109013319015503
300,1,0.1,data/problem4.txt,9,1.0,71,1.6130156517028809
300,1,0.15,data/problem4.txt,8,1.0,103,2.357985734939575
300,2,0.05,data/problem4.txt,20,0.928,154,3.535066604614258
300,2,0.1,data/problem4.txt,20,0.928,164,3.7269957065582275
300,2,0.15,data/problem4.txt,19,0.9115913555992141,152,3.490030288696289
300,3,0.05,data/problem4.txt,19,0.9298597194388778,163,3.6670305728912354
300,3,0.1,data/problem4.txt,20,0.928,208,4.687107801437378
300,3,0.15,data/problem4.txt,19,0.9768421052631578,184,4.213072776794434
100,1,0.05,data/problem4.txt,11,0.9978494623655914,196,1.0930485725402832
100,1,0.1,data/problem4.txt,14,1.0,210,1.222970724105835
100,1,0.15,data/problem4.txt,13,1.0,73,0.4150383472442627
100,2,0.05,data/problem4.txt,20,0.9027237354085603,207,1.1379706859588623
100,2,0.1,data/problem4.txt,20,0.8923076923076924,254,1.4180123805999756
100,2,0.15,data/problem4.txt,19,0.9298597194388778,207,1.133011817932129
100,3,0.05,data/problem4.txt,24,0.7508090614886731,141,0.7790446281433105
100,3,0.1,data/problem4.txt,20,0.9009708737864077,147,0.8179764747619629
100,3,0.15,data/problem4.txt,21,0.8451730418943534,152,0.8390040397644043
200,1,0.05,data/problem4.txt,13,1.0,137,1.787015676498413
200,1,0.1,data/problem4.txt,10,1.0,49,0.6640048027038574
200,1,0.15,data/problem4.txt,13,1.0,62,0.8290092945098877
200,2,0.05,data/problem4.txt,20,0.8957528957528957,148,1.9460129737854004
200,2,0.1,data/problem4.txt,19,0.9567010309278351,196,2.529021739959717
200,2,0.15,data/problem4.txt,19,0.9488752556237219,381,4.991082191467285
200,3,0.05,data/problem4.txt,20,0.9009708737864077,166,2.143049716949463
200,3,0.1,data/problem4.txt,20,0.928,179,2.3720204830169678
200,3,0.15,data/problem4.txt,20,0.928,236,3.4490299224853516
300,1,0.05,data/problem4.txt,14,1.0,47,1.120013952255249
300,1,0.1,data/problem4.txt,10,1.0,73,1.6750144958496094
300,1,0.15,data/problem4.txt,10,1.0,160,3.666069507598877
300,2,0.05,data/problem4.txt,20,0.928,151,3.748073101043701
300,2,0.1,data/problem4.txt,19,0.9373737373737374,207,4.720004320144653
300,2,0.15,data/problem4.txt,19,0.9768421052631578,291,6.64509129524231
300,3,0.05,data/problem4.txt,21,0.85451197053407,142,3.165987730026245
300,3,0.1,data/problem4.txt,20,0.9009708737864077,151,3.4010331630706787
300,3,0.15,data/problem4.txt,20,0.928,164,3.7370691299438477
100,1,0.05,data/problem4.txt,11,1.0,167,0.9360058307647705
100,1,0.1,data/problem4.txt,12,1.0,90,0.5000433921813965
100,1,0.15,data/problem4.txt,11,1.0,86,0.509967565536499
100,2,0.05,data/problem4.txt,19,0.9298597194388778,198,1.0830090045928955
100,2,0.1,data/problem4.txt,20,0.9098039215686274,263,1.4589760303497314
100,2,0.15,data/problem4.txt,19,0.9768421052631578,169,0.9450109004974365
100,3,0.05,data/problem4.txt,21,0.8838095238095238,169,0.9200093746185303
100,3,0.1,data/problem4.txt,19,0.9469387755102041,150,0.8320426940917969
100,3,0.15,data/problem4.txt,20,0.8957528957528957,141,0.7889738082885742
200,1,0.05,data/problem4.txt,9,1.0,44,0.5810036659240723
200,1,0.1,data/problem4.txt,11,1.0,57,0.7750108242034912
200,1,0.15,data/problem4.txt,11,1.0,70,0.9260425567626953
200,2,0.05,data/problem4.txt,20,0.928,135,1.7900159358978271
200,2,0.1,data/problem4.txt,20,0.928,161,2.1099789142608643
200,2,0.15,data/problem4.txt,19,0.9373737373737374,207,2.758021831512451
200,3,0.05,data/problem4.txt,21,0.8592592592592593,161,2.072021722793579
200,3,0.1,data/problem4.txt,20,0.928,165,2.1930150985717773
200,3,0.15,data/problem4.txt,19,0.9469387755102041,192,2.540022373199463
300,1,0.05,data/problem4.txt,11,1.0,79,1.8800160884857178
300,1,0.1,data/problem4.txt,14,1.0,35,1.0880520343780518
300,1,0.15,data/problem4.txt,13,1.0,104,2.5429792404174805
300,2,0.05,data/problem4.txt,19,0.9488752556237219,136,3.056030511856079
300,2,0.1,data/problem4.txt,20,0.928,165,3.8110268115997314
300,2,0.15,data/problem4.txt,19,0.9527720739219713,163,3.772036552429199
300,3,0.05,data/problem4.txt,20,0.928,139,3.1300272941589355
300,3,0.1,data/problem4.txt,19,0.9354838709677419,186,4.21183443069458
300,3,0.15,data/problem4.txt,21,0.8838095238095238,168,3.878993511199951
100,1,0.05,data/problem5.txt,25,0.9997690531177829,804,10.8481285572052
100,1,0.1,data/problem5.txt,24,0.9993074792243767,655,8.877076864242554
100,1,0.15,data/problem5.txt,25,0.9956301747930083,377,5.1460418701171875
100,2,0.05,data/problem5.txt,53,0.8838301347488771,226,2.9539904594421387
100,2,0.1,data/problem5.txt,57,0.8675350701402805,385,5.1728315353393555
100,2,0.15,data/problem5.txt,53,0.8535094637223974,224,3.417994737625122
100,3,0.05,data/problem5.txt,58,0.8678829190056134,303,3.9670324325561523
100,3,0.1,data/problem5.txt,59,0.8531730390224674,223,2.9270212650299072
100,3,0.15,data/problem5.txt,62,0.8118904726181545,533,7.236079931259155
200,1,0.05,data/problem5.txt,24,0.9995382128838606,480,13.577144861221313
200,1,0.1,data/problem5.txt,25,0.9997690531177829,524,15.08713412284851
200,1,0.15,data/problem5.txt,23,0.9974654377880184,418,12.984135627746582
200,2,0.05,data/problem5.txt,55,0.8947912360479537,208,6.336056470870972
200,2,0.1,data/problem5.txt,54,0.9222411589262889,356,10.327093124389648
200,2,0.15,data/problem5.txt,55,0.8727822580645161,393,11.352213144302368
200,3,0.05,data/problem5.txt,60,0.838953488372093,166,4.648040533065796
200,3,0.1,data/problem5.txt,60,0.838953488372093,492,14.101122856140137
200,3,0.15,data/problem5.txt,58,0.8545203316225819,416,11.989185333251953
300,1,0.05,data/problem5.txt,24,1.0,363,17.822941064834595
300,1,0.1,data/problem5.txt,23,0.9995382128838606,529,24.46308135986328
300,1,0.15,data/problem5.txt,23,0.9997690531177829,779,38.25037693977356
300,2,0.05,data/problem5.txt,56,0.8838301347488771,190,8.658030033111572
300,2,0.1,data/problem5.txt,54,0.9159966144731274,326,14.903191089630127
300,2,0.15,data/problem5.txt,53,0.892209398186315,294,13.651203870773315
300,3,0.05,data/problem5.txt,58,0.8678829190056134,301,14.126128911972046
300,3,0.1,data/problem5.txt,60,0.838953488372093,225,10.322088479995728
300,3,0.15,data/problem5.txt,59,0.8334616865614171,271,12.538107872009277
100,1,0.05,data/problem5.txt,26,0.9993074792243767,518,6.885059356689453
100,1,0.1,data/problem5.txt,24,0.9983856088560885,406,5.437116861343384
100,1,0.15,data/problem5.txt,22,0.9983856088560885,644,8.71010446548462
100,2,0.05,data/problem5.txt,57,0.8478260869565217,441,5.907012462615967
100,2,0.1,data/problem5.txt,55,0.8741922455573505,575,7.990068674087524
100,2,0.15,data/problem5.txt,55,0.8970161624533776,506,6.9190590381622314
100,3,0.05,data/problem5.txt,58,0.8678829190056134,436,5.640432119369507
100,3,0.1,data/problem5.txt,59,0.8531730390224674,367,4.870002508163452
100,3,0.15,data/problem5.txt,62,0.8118904726181545,461,6.196181774139404
200,1,0.05,data/problem5.txt,23,0.9997690531177829,625,17.762505769729614
200,1,0.1,data/problem5.txt,25,0.9986159169550173,456,13.571159839630127
200,1,0.15,data/problem5.txt,24,0.9993074792243767,563,16.346115827560425
200,2,0.05,data/problem5.txt,53,0.9171610169491525,384,10.816128730773926
200,2,0.1,data/problem5.txt,54,0.8970161624533776,261,7.472069263458252
200,2,0.15,data/problem5.txt,52,0.9140625,569,16.3739492893219
200,3,0.05,data/problem5.txt,55,0.886545156665984,273,8.178070545196533
200,3,0.1,data/problem5.txt,54,0.908118313404657,450,12.850236415863037
200,3,0.15,data/problem5.txt,62,0.8118904726181545,217,6.292091608047485
300,1,0.05,data/problem5.txt,23,1.0,374,17.1152081489563
300,1,0.1,data/problem5.txt,27,0.998846331333641,394,18.191905736923218
300,1,0.15,data/problem5.txt,24,0.9972356599861782,521,25.123551607131958
300,2,0.05,data/problem5.txt,54,0.9171610169491525,235,10.629160404205322
300,2,0.1,data/problem5.txt,52,0.9106015986537652,300,13.792117834091187
300,2,0.15,data/problem5.txt,54,0.9071668063704945,353,16.783135175704956
300,3,0.05,data/problem5.txt,57,0.883108935128519,434,19.63926887512207
300,3,0.1,data/problem5.txt,61,0.8252001524971406,276,12.685105800628662
300,3,0.15,data/problem5.txt,61,0.8252001524971406,282,13.13311505317688
100,1,0.05,data/problem5.txt,26,0.998846331333641,484,6.498453617095947
100,1,0.1,data/problem5.txt,27,0.9993074792243767,486,6.960042238235474
100,1,0.15,data/problem5.txt,26,0.9940298507462687,397,5.354989767074585
100,2,0.05,data/problem5.txt,55,0.8867267513314215,367,4.910733461380005
100,2,0.1,data/problem5.txt,58,0.851494885916601,201,2.7290124893188477
100,2,0.15,data/problem5.txt,51,0.8933140734626496,661,8.955092906951904
100,3,0.05,data/problem5.txt,62,0.7823965299114405,185,2.4289753437042236
100,3,0.1,data/problem5.txt,58,0.8347473968376398,202,2.6660187244415283
100,3,0.15,data/problem5.txt,59,0.8068965517241379,745,9.993020057678223
200,1,0.05,data/problem5.txt,26,0.9995382128838606,526,14.87170696258545
200,1,0.1,data/problem5.txt,24,0.9993074792243767,740,21.94513201713562
200,1,0.15,data/problem5.txt,24,0.9972356599861782,658,19.138116359710693
200,2,0.05,data/problem5.txt,53,0.904891304347826,339,9.586058139801025
200,2,0.1,data/problem5.txt,52,0.8878178835110746,279,7.959140777587891
200,2,0.15,data/problem5.txt,55,0.8671875,408,12.236073017120361
200,3,0.05,data/problem5.txt,57,0.8703256936067552,239,6.774999141693115
200,3,0.1,data/problem5.txt,60,0.8259874069834001,405,11.484100341796875
200,3,0.15,data/problem5.txt,57,0.8518299881936245,377,10.861069440841675
300,1,0.05,data/problem5.txt,23,1.0,332,15.1661217212677
300,1,0.1,data/problem5.txt,24,0.9995382128838606,495,23.54222345352173
300,1,0.15,data/problem5.txt,22,0.9997690531177829,561,26.08393430709839
300,2,0.05,data/problem5.txt,52,0.909453781512605,411,18.719671487808228
300,2,0.1,data/problem5.txt,54,0.9075471698113208,393,18.37157368659973
300,2,0.15,data/problem5.txt,52,0.9297680412371134,590,27.705745220184326
300,3,0.05,data/problem5.txt,58,0.8509927265578927,226,10.166125535964966
300,3,0.1,data/problem5.txt,59,0.8412359113874854,248,11.821069478988647
300,3,0.15,data/problem5.txt,61,0.8149472891566265,208,9.668188571929932
100,1,0.05,data/problem5.txt,29,0.9986159169550173,636,8.430145502090454
100,1,0.1,data/problem5.txt,27,0.9976953215026504,507,6.790046215057373
100,1,0.15,data/problem5.txt,27,0.994486560992419,414,5.617060422897339
100,2,0.05,data/problem5.txt,55,0.8630382775119617,422,5.539033889770508
100,2,0.1,data/problem5.txt,53,0.8802358682391216,408,5.471072673797607
100,2,0.15,data/problem5.txt,57,0.8360370799536501,259,3.485011577606201
100,3,0.05,data/problem5.txt,58,0.8450126878781964,477,6.410138368606567
100,3,0.1,data/problem5.txt,58,0.8474941268598277,567,7.7720208168029785
100,3,0.15,data/problem5.txt,58,0.8678829190056134,320,4.409026145935059
200,1,0.05,data/problem5.txt,28,0.9979253112033195,358,10.181153535842896
200,1,0.1,data/problem5.txt,21,0.9997690531177829,710,20.33518648147583
200,1,0.15,data/problem5.txt,23,0.9993074792243767,606,18.03714871406555
200,2,0.05,data/problem5.txt,54,0.9187181663837012,419,11.898037433624268
200,2,0.1,data/problem5.txt,54,0.8929455445544554,280,8.00111174583435
200,2,0.15,data/problem5.txt,54,0.8870901639344262,295,8.457048416137695
200,3,0.05,data/problem5.txt,59,0.8412359113874854,401,11.30103087425232
200,3,0.1,data/problem5.txt,59,0.8397672162948594,350,9.959383964538574
200,3,0.15,data/problem5.txt,59,0.8531730390224674,208,6.0360331535339355
300,1,0.05,data/problem5.txt,24,1.0,374,17.750070810317993
300,1,0.1,data/problem5.txt,24,0.9997690531177829,370,16.974175930023193
300,1,0.15,data/problem5.txt,24,0.9986159169550173,787,40.82066869735718
300,2,0.05,data/problem5.txt,52,0.9522657281126264,834,44.40825057029724
300,2,0.1,data/problem5.txt,54,0.9321705426356589,387,18.196143865585327
300,2,0.15,data/problem5.txt,54,0.8867267513314215,508,23.62723135948181
300,3,0.05,data/problem5.txt,61,0.8252001524971406,151,6.855045318603516
300,3,0.1,data/problem5.txt,57,0.8698010849909584,229,10.606460094451904
300,3,0.15,data/problem5.txt,57,0.883108935128519,373,17.856104373931885
100,1,0.05,data/problem5.txt,26,1.0,704,9.336056470870972
100,1,0.1,data/problem5.txt,27,0.9974654377880184,575,7.704044342041016
100,1,0.15,data/problem5.txt,22,0.9974654377880184,640,8.689088582992554
100,2,0.05,data/problem5.txt,55,0.904891304347826,589,7.7570414543151855
100,2,0.1,data/problem5.txt,59,0.844188767550702,246,3.251023530960083
100,2,0.15,data/problem5.txt,55,0.904891304347826,512,6.957038640975952
100,3,0.05,data/problem5.txt,62,0.8010732790525537,320,4.635032415390015
100,3,0.1,data/problem5.txt,60,0.8288340034462952,246,3.2400527000427246
100,3,0.15,data/problem5.txt,66,0.7626849894291755,173,2.324977159500122
200,1,0.05,data/problem5.txt,21,0.9993074792243767,472,13.462140083312988
200,1,0.1,data/problem5.txt,23,0.9997690531177829,398,11.518160343170166
200,1,0.15,data/problem5.txt,23,0.9976953215026504,620,17.98219633102417
200,2,0.05,data/problem5.txt,54,0.8911074516261837,309,9.077059745788574
200,2,0.1,data/problem5.txt,53,0.9067867616254713,454,13.051123857498169
200,2,0.15,data/problem5.txt,54,0.8988787375415282,414,11.983071327209473
200,3,0.05,data/problem5.txt,58,0.855026664033182,206,5.755030870437622
200,3,0.1,data/problem5.txt,58,0.8678829190056134,295,8.421050310134888
200,3,0.15,data/problem5.txt,57,0.842873831775701,223,6.478005647659302
300,1,0.05,data/problem5.txt,24,1.0,235,10.83109974861145
300,1,0.1,data/problem5.txt,28,0.9995382128838606,579,27.08896255493164
300,1,0.15,data/problem5.txt,22,1.0,456,21.250219106674194
300,2,0.05,data/problem5.txt,56,0.8867267513314215,312,14.580065488815308
300,2,0.1,data/problem5.txt,54,0.9156091370558376,620,28.49812078475952
300,2,0.15,data/problem5.txt,53,0.9098360655737705,362,16.754125356674194
300,3,0.05,data/problem5.txt,56,0.8988787375415282,360,16.664045095443726
300,3,0.1,data/problem5.txt,58,0.8678829190056134,343,15.768215894699097
300,3,0.15,data/problem5.txt,58,0.855026664033182,206,9.529094457626343
100,1,0.05,data/problem6.txt,45,0.9997011803376662,589,7.865083932876587
100,1,0.1,data/problem6.txt,32,0.9994025392083644,579,7.813060283660889
100,1,0.15,data/problem6.txt,34,0.9985076854200865,499,6.898077964782715
100,2,0.05,data/problem6.txt,84,0.9029689608636977,448,5.957035064697266
100,2,0.1,data/problem6.txt,82,0.9203576341127923,684,9.49207353591919
100,2,0.15,data/problem6.txt,85,0.8760146635244829,490,6.603186845779419
100,3,0.05,data/problem6.txt,86,0.9046782044348296,308,4.027021884918213
100,3,0.1,data/problem6.txt,93,0.8220911659909079,437,5.8400750160217285
100,3,0.15,data/problem6.txt,91,0.8310768848590238,412,5.497037887573242
200,1,0.05,data/problem6.txt,36,0.9997011803376662,287,8.288089990615845
200,1,0.1,data/problem6.txt,38,0.9992532855436081,481,13.86409592628479
200,1,0.15,data/problem6.txt,38,0.9976144326822722,472,14.112140655517578
200,2,0.05,data/problem6.txt,82,0.9125750136388434,301,8.565051794052124
200,2,0.1,data/problem6.txt,84,0.9118288361951485,456,12.99202275276184
200,2,0.15,data/problem6.txt,81,0.8753270538984824,518,15.055475950241089
200,3,0.05,data/problem6.txt,83,0.9373774166433174,316,8.95408844947815
200,3,0.1,data/problem6.txt,86,0.9046782044348296,576,17.125195741653442
200,3,0.15,data/problem6.txt,84,0.9081161780673181,370,10.742062091827393
300,1,0.05,data/problem6.txt,34,1.0,369,17.268045663833618
300,1,0.1,data/problem6.txt,37,0.9989549119140042,410,18.918405294418335
300,1,0.15,data/problem6.txt,40,0.9997011803376662,892,42.12741684913635
300,2,0.05,data/problem6.txt,82,0.9254495159059475,381,17.332051515579224
300,2,0.1,data/problem6.txt,80,0.9501562056234024,349,17.2199490070343
300,2,0.15,data/problem6.txt,82,0.9272450110864745,753,35.300047874450684
300,3,0.05,data/problem6.txt,92,0.8380511022044088,273,13.072126388549805
300,3,0.1,data/problem6.txt,88,0.8672715489306546,257,11.912073135375977
300,3,0.15,data/problem6.txt,89,0.860025706940874,339,15.829064130783081
100,1,0.05,data/problem6.txt,40,0.9998505678421996,452,6.132037401199341
100,1,0.1,data/problem6.txt,34,1.0,713,9.709059238433838
100,1,0.15,data/problem6.txt,38,0.9991040764521427,676,9.192059993743896
100,2,0.05,data/problem6.txt,82,0.9110838779956427,392,5.624030590057373
100,2,0.1,data/problem6.txt,85,0.8890512888652671,472,6.2900426387786865
100,2,0.15,data/problem6.txt,80,0.8836502905441099,249,3.483053684234619
100,3,0.05,data/problem6.txt,89,0.8660367589955993,267,3.5099804401397705
100,3,0.1,data/problem6.txt,87,0.8780839895013124,447,5.922037363052368
100,3,0.15,data/problem6.txt,92,0.8456774519716885,639,8.6400887966156
200,1,0.05,data/problem6.txt,33,1.0,394,11.333038091659546
200,1,0.1,data/problem6.txt,42,0.9994025392083644,448,12.975140810012817
200,1,0.15,data/problem6.txt,31,0.9995518374663878,693,20.775293827056885
200,2,0.05,data/problem6.txt,85,0.8869300106044539,400,11.333066701889038
200,2,0.1,data/problem6.txt,85,0.8986032769272092,446,12.715078115463257
200,2,0.15,data/problem6.txt,84,0.9000538068334678,463,13.407026767730713
200,3,0.05,data/problem6.txt,89,0.8653647180548371,241,7.129080533981323
200,3,0.1,data/problem6.txt,86,0.8952368209793953,486,14.111424207687378
200,3,0.15,data/problem6.txt,90,0.8555171972893492,369,10.679068803787231
300,1,0.05,data/problem6.txt,36,1.0,278,12.782077550888062
300,1,0.1,data/problem6.txt,37,0.9988057919092402,397,18.417234182357788
300,1,0.15,data/problem6.txt,41,0.9994025392083644,527,25.218157529830933
300,2,0.05,data/problem6.txt,85,0.9051677489177489,388,17.54513144493103
300,2,0.1,data/problem6.txt,80,0.9423943661971831,526,24.599603414535522
300,2,0.15,data/problem6.txt,83,0.9203576341127923,460,21.410216808319092
300,3,0.05,data/problem6.txt,88,0.8761293701715334,277,12.671077489852905
300,3,0.1,data/problem6.txt,84,0.9174550939256821,360,16.49022340774536
300,3,0.15,data/problem6.txt,88,0.849758699517399,373,18.183278799057007
100,1,0.05,data/problem6.txt,40,1.0,542,7.244047403335571
100,1,0.1,data/problem6.txt,39,0.9995518374663878,589,7.990097522735596
100,1,0.15,data/problem6.txt,40,0.9989549119140042,657,8.995053768157959
100,2,0.05,data/problem6.txt,85,0.8883430695698353,397,5.210027694702148
100,2,0.1,data/problem6.txt,82,0.8855214399152991,312,4.191026449203491
100,2,0.15,data/problem6.txt,83,0.8848188309970907,362,4.889118671417236
100,3,0.05,data/problem6.txt,85,0.9153214774281806,328,4.307030439376831
100,3,0.1,data/problem6.txt,88,0.8676089211618258,273,4.081069231033325
100,3,0.15,data/problem6.txt,95,0.8189718482252142,282,3.844987392425537
200,1,0.05,data/problem6.txt,46,1.0,280,8.108134269714355
200,1,0.1,data/problem6.txt,44,0.9998505678421996,493,14.177503824234009
200,1,0.15,data/problem6.txt,34,0.9998505678421996,692,20.152158498764038
200,2,0.05,data/problem6.txt,86,0.8813224446786091,255,7.250080108642578
200,2,0.1,data/problem6.txt,83,0.927502079290269,482,14.281128168106079
200,2,0.15,data/problem6.txt,82,0.9133224133224134,539,15.510220289230347
200,3,0.05,data/problem6.txt,85,0.9153214774281806,278,7.86609148979187
200,3,0.1,data/problem6.txt,85,0.9063939311839609,362,10.348492622375488
200,3,0.15,data/problem6.txt,90,0.8644702842377261,334,9.628054141998291
300,1,0.05,data/problem6.txt,29,1.0,282,13.447084426879883
300,1,0.1,data/problem6.txt,38,1.0,449,21.03865146636963
300,1,0.15,data/problem6.txt,33,0.9995518374663878,942,44.56793761253357
300,2,0.05,data/problem6.txt,86,0.8829506466086039,505,22.979137659072876
300,2,0.1,data/problem6.txt,83,0.8945187165775401,437,20.05729079246521
300,2,0.15,data/problem6.txt,84,0.9178326474622771,414,19.670516967773438
300,3,0.05,data/problem6.txt,82,0.937640134529148,259,11.791200399398804
300,3,0.1,data/problem6.txt,91,0.8549706107845643,334,15.344867467880249
300,3,0.15,data/problem6.txt,87,0.8857558909187185,299,13.879984140396118
100,1,0.05,data/problem6.txt,39,0.9995518374663878,487,7.012983560562134
100,1,0.1,data/problem6.txt,37,0.9995518374663878,687,9.560025453567505
100,1,0.15,data/problem6.txt,34,0.9989549119140042,610,8.318050146102905
100,2,0.05,data/problem6.txt,87,0.860689477746334,244,3.1980457305908203
100,2,0.1,data/problem6.txt,90,0.8254379471996053,275,3.6690640449523926
100,2,0.15,data/problem6.txt,83,0.8624645527197732,356,4.803009271621704
100,3,0.05,data/problem6.txt,90,0.8555171972893492,281,3.9830148220062256
100,3,0.1,data/problem6.txt,88,0.8609109624292332,376,5.010054588317871
100,3,0.15,data/problem6.txt,91,0.8462122170228911,418,5.664015769958496
200,1,0.05,data/problem6.txt,39,1.0,247,7.029018878936768
200,1,0.1,data/problem6.txt,35,0.9998505678421996,564,16.83909773826599
200,1,0.15,data/problem6.txt,33,0.9979120059656973,515,14.91612720489502
200,2,0.05,data/problem6.txt,80,0.917077850877193,257,7.318023443222046
200,2,0.1,data/problem6.txt,84,0.9103401360544218,330,9.44502329826355
200,2,0.15,data/problem6.txt,85,0.9007808292945612,461,13.482080936431885
200,3,0.05,data/problem6.txt,89,0.8741834334988241,209,6.3340208530426025
200,3,0.1,data/problem6.txt,88,0.8761293701715334,402,11.491149187088013
200,3,0.15,data/problem6.txt,91,0.8549706107845643,258,7.469023942947388
300,1,0.05,data/problem6.txt,40,1.0,296,13.646072149276733
300,1,0.1,data/problem6.txt,40,0.9995518374663878,479,22.390066146850586
300,1,0.15,data/problem6.txt,26,0.9989549119140042,532,24.999918460845947
300,2,0.05,data/problem6.txt,84,0.9024817912058268,240,10.879104375839233
300,2,0.1,data/problem6.txt,83,0.9095976073953236,323,14.794866800308228
300,2,0.15,data/problem6.txt,84,0.9022384034519957,441,21.084381103515625
300,3,0.05,data/problem6.txt,84,0.9073772714944399,243,11.007019519805908
300,3,0.1,data/problem6.txt,84,0.926218161683278,259,11.9270658493042
300,3,0.15,data/problem6.txt,89,0.8663731710475204,429,19.789177656173706
100,1,0.05,data/problem6.txt,39,0.9998505678421996,515,7.382107973098755
100,1,0.1,data/problem6.txt,40,0.9986567164179104,442,5.9791154861450195
100,1,0.15,data/problem6.txt,38,0.9982097568253021,686,9.366063117980957
100,2,0.05,data/problem6.txt,85,0.8806264806528034,228,3.0339722633361816
100,2,0.1,data/problem6.txt,84,0.9140710382513662,297,3.9229817390441895
100,2,0.15,data/problem6.txt,80,0.8921333333333333,337,4.548012018203735
100,3,0.05,data/problem6.txt,90,0.8551891615541922,253,3.3310487270355225
100,3,0.1,data/problem6.txt,88,0.8669344389738274,362,4.788537979125977
100,3,0.15,data/problem6.txt,91,0.8307673205860442,320,4.298009157180786
200,1,0.05,data/problem6.txt,40,1.0,380,10.839029550552368
200,1,0.1,data/problem6.txt,35,1.0,536,15.963042974472046
200,1,0.15,data/problem6.txt,27,0.9988057919092402,516,15.002076148986816
200,2,0.05,data/problem6.txt,81,0.9133224133224134,311,8.721027851104736
200,2,0.1,data/problem6.txt,82,0.9128240109140519,412,11.769678592681885
200,2,0.15,data/problem6.txt,81,0.906639566395664,369,14.396035432815552
200,3,0.05,data/problem6.txt,87,0.8942796043838546,200,7.580019950866699
200,3,0.1,data/problem6.txt,87,0.8857558909187185,488,17.75204563140869
200,3,0.15,data/problem6.txt,86,0.8765884973142932,483,13.926041841506958
300,1,0.05,data/problem6.txt,45,0.9998505678421996,383,17.53575348854065
300,1,0.1,data/problem6.txt,42,0.9998505678421996,572,27.079112768173218
300,1,0.15,data/problem6.txt,33,0.9992532855436081,559,26.14207434654236
300,2,0.05,data/problem6.txt,83,0.9313752783964365,243,11.475119352340698
300,2,0.1,data/problem6.txt,83,0.9208642994770162,362,16.7580406665802
300,2,0.15,data/problem6.txt,85,0.8753270538984824,421,19.571092128753662
300,3,0.05,data/problem6.txt,89,0.8741834334988241,280,12.726069211959839
300,3,0.1,data/problem6.txt,87,0.8942796043838546,517,24.31417155265808
300,3,0.15,data/problem6.txt,89,0.8479280192624509,318,14.78510332107544
100,1,0.05,data/problem7.txt,41,0.9990103908955963,758,15.019071102142334
100,1,0.1,data/problem7.txt,45,0.9980227385071676,1032,21.07662796974182
100,1,0.15,data/problem7.txt,38,0.9953167365048065,1005,20.33824610710144
100,2,0.05,data/problem7.txt,76,0.8644829800899165,332,6.508021831512451
100,2,0.1,data/problem7.txt,79,0.8437108232344338,614,12.214097499847412
100,2,0.15,data/problem7.txt,74,0.8320626416649495,366,7.348021745681763
100,3,0.05,data/problem7.txt,81,0.8197320341047503,375,7.827016830444336
100,3,0.1,data/problem7.txt,79,0.8441517717152712,246,4.888050079345703
100,3,0.15,data/problem7.txt,80,0.7711257519335434,292,5.868978261947632
200,1,0.05,data/problem7.txt,39,0.9997524139638524,959,39.64651823043823
200,1,0.1,data/problem7.txt,35,0.9980227385071676,1075,45.43852138519287
200,1,0.15,data/problem7.txt,33,0.9976528721432983,1073,46.07641887664795
200,2,0.05,data/problem7.txt,76,0.8465408805031447,360,14.796162128448486
200,2,0.1,data/problem7.txt,73,0.8868877663079289,566,24.082152366638184
200,2,0.15,data/problem7.txt,75,0.8510010537407797,812,34.53143644332886
200,3,0.05,data/problem7.txt,76,0.8768729641693811,451,18.873633861541748
200,3,0.1,data/problem7.txt,81,0.8160048499545317,456,18.963048696517944
200,3,0.15,data/problem7.txt,76,0.8757319453480806,716,30.8781156539917
300,1,0.05,data/problem7.txt,36,0.9997524139638524,588,39.12613224983215
300,1,0.1,data/problem7.txt,35,0.997160143227559,957,64.34040832519531
300,1,0.15,data/problem7.txt,29,0.9922594913380022,619,41.81677007675171
300,2,0.05,data/problem7.txt,75,0.8898193036579991,370,23.999223947525024
300,2,0.1,data/problem7.txt,69,0.9013392857142857,392,26.269108295440674
300,2,0.15,data/problem7.txt,72,0.8622677770659833,569,37.861680030822754
300,3,0.05,data/problem7.txt,83,0.8035820895522388,273,18.162044763565063
300,3,0.1,data/problem7.txt,78,0.8444165621079046,326,21.456151485443115
300,3,0.15,data/problem7.txt,81,0.8308641975308642,356,23.55347442626953
100,1,0.05,data/problem7.txt,34,0.9977761304670126,667,13.626041173934937
100,1,0.1,data/problem7.txt,41,0.998392879218692,987,19.715569734573364
100,1,0.15,data/problem7.txt,28,0.9936023622047244,730,14.809002161026001
100,2,0.05,data/problem7.txt,75,0.8626361888485367,497,9.713481187820435
100,2,0.1,data/problem7.txt,72,0.9027498323272971,481,10.045027017593384
100,2,0.15,data/problem7.txt,72,0.9021447721179625,568,11.441035032272339
100,3,0.05,data/problem7.txt,80,0.8150166515289131,333,6.527017593383789
100,3,0.1,data/problem7.txt,76,0.8765874308042982,861,17.10404634475708
100,3,0.15,data/problem7.txt,81,0.7950383933845245,464,9.246068000793457
200,1,0.05,data/problem7.txt,37,1.0,763,32.36221981048584
200,1,0.1,data/problem7.txt,34,0.9992576095025983,1212,51.5933895111084
200,1,0.15,data/problem7.txt,37,0.9972832798221783,1127,48.18755555152893
200,2,0.05,data/problem7.txt,73,0.8868877663079289,278,11.497410774230957
200,2,0.1,data/problem7.txt,72,0.8828159160472234,523,22.487183809280396
200,2,0.15,data/problem7.txt,71,0.8341251807477794,349,14.662593364715576
200,3,0.05,data/problem7.txt,77,0.8655948553054662,313,13.287036180496216
200,3,0.1,data/problem7.txt,77,0.8396756082345602,397,16.704078435897827
200,3,0.15,data/problem7.txt,76,0.8695090439276486,589,24.78324842453003
300,1,0.05,data/problem7.txt,34,0.9998761916553176,684,45.0438277721405
300,1,0.1,data/problem7.txt,32,0.9978994192512047,725,48.467247009277344
300,1,0.15,data/problem7.txt,30,0.9920157228841666,579,38.978891134262085
300,2,0.05,data/problem7.txt,73,0.9160617059891107,563,36.82210111618042
300,2,0.1,data/problem7.txt,74,0.885332163999123,471,31.317153930664062
300,2,0.15,data/problem7.txt,72,0.8900154286973772,740,49.4546115398407
300,3,0.05,data/problem7.txt,82,0.8207317073170731,253,16.401077032089233
300,3,0.1,data/problem7.txt,75,0.8890356671070013,325,21.41023850440979
300,3,0.15,data/problem7.txt,78,0.8454773869346733,444,30.009904623031616
100,1,0.05,data/problem7.txt,34,0.9990103908955963,776,15.319183349609375
100,1,0.1,data/problem7.txt,27,0.9956848723955123,494,9.944021224975586
100,1,0.15,data/problem7.txt,33,0.9901912702305051,693,13.938400030136108
100,2,0.05,data/problem7.txt,74,0.8791639451338994,353,7.329009771347046
100,2,0.1,data/problem7.txt,74,0.8631893971782814,541,11.011012077331543
100,2,0.15,data/problem7.txt,73,0.8426544240400667,572,11.39644980430603
100,3,0.05,data/problem7.txt,81,0.8237454100367197,374,7.244011163711548
100,3,0.1,data/problem7.txt,77,0.8331785824822037,396,7.891009092330933
100,3,0.15,data/problem7.txt,86,0.7486095661846496,363,7.30598783493042
200,1,0.05,data/problem7.txt,43,1.0,576,24.352846145629883
200,1,0.1,data/problem7.txt,34,0.9977761304670126,884,40.17939829826355
200,1,0.15,data/problem7.txt,34,0.9949488727362326,727,35.91894245147705
200,2,0.05,data/problem7.txt,72,0.9035578429178788,499,20.433372974395752
200,2,0.1,data/problem7.txt,71,0.9037600716204118,683,29.10677695274353
200,2,0.15,data/problem7.txt,71,0.8812745525971192,700,29.467034339904785
200,3,0.05,data/problem7.txt,77,0.8586921850079745,312,13.237984418869019
200,3,0.1,data/problem7.txt,77,0.874025974025974,341,14.190047979354858
200,3,0.15,data/problem7.txt,79,0.8428303068252975,450,18.953742504119873
300,1,0.05,data/problem7.txt,34,0.9998761916553176,660,43.750025033950806
300,1,0.1,data/problem7.txt,29,0.9975296442687747,862,57.5971896648407
300,1,0.15,data/problem7.txt,34,0.9945812807881773,1068,71.77215695381165
300,2,0.05,data/problem7.txt,73,0.8925729442970822,277,17.91049361228943
300,2,0.1,data/problem7.txt,71,0.9198177676537586,794,52.51428508758545
300,2,0.15,data/problem7.txt,71,0.8896232650363516,685,45.926475524902344
300,3,0.05,data/problem7.txt,81,0.8308641975308642,295,19.125415325164795
300,3,0.1,data/problem7.txt,80,0.8316342292245906,282,19.131016969680786
300,3,0.15,data/problem7.txt,80,0.8342113418035327,622,41.45872354507446
100,1,0.05,data/problem7.txt,35,0.9991339849065941,809,16.511269330978394
100,1,0.1,data/problem7.txt,37,0.9981460882461994,882,17.794212579727173
100,1,0.15,data/problem7.txt,40,0.996299037749815,944,19.40612268447876
100,2,0.05,data/problem7.txt,71,0.9177272727272727,681,13.70608115196228
100,2,0.1,data/problem7.txt,74,0.8560525757896968,448,8.931010007858276
100,2,0.15,data/problem7.txt,71,0.8515394348376213,835,17.645108699798584
100,3,0.05,data/problem7.txt,81,0.8227383863080685,363,7.248044490814209
100,3,0.1,data/problem7.txt,75,0.8864010536713862,380,7.666972398757935
100,3,0.15,data/problem7.txt,82,0.7964497041420119,372,7.591044187545776
200,1,0.05,data/problem7.txt,36,0.9993812646949635,591,25.133779764175415
200,1,0.1,data/problem7.txt,33,0.9988868274582561,970,40.903868675231934
200,1,0.15,data/problem7.txt,33,0.9960532807104094,808,34.67012405395508
200,2,0.05,data/problem7.txt,73,0.9082321187584346,348,14.330053091049194
200,2,0.1,data/problem7.txt,75,0.8556897647806738,406,17.384021043777466
200,2,0.15,data/problem7.txt,73,0.8320626416649495,290,12.33900785446167
200,3,0.05,data/problem7.txt,77,0.874025974025974,223,9.222071886062622
200,3,0.1,data/problem7.txt,81,0.8308641975308642,591,24.570183992385864
200,3,0.15,data/problem7.txt,80,0.8311207162704538,451,19.495108366012573
300,1,0.05,data/problem7.txt,38,0.999628666914222,636,41.47952485084534
300,1,0.1,data/problem7.txt,31,0.9995049504950495,1209,80.935213804245
300,1,0.15,data/problem7.txt,40,0.9933579335793358,664,44.585209131240845
300,2,0.05,data/problem7.txt,75,0.8734587929915639,398,25.80584168434143
300,2,0.1,data/problem7.txt,72,0.9115124153498871,359,23.479257822036743
300,2,0.15,data/problem7.txt,70,0.8600638977635783,366,24.98560881614685
300,3,0.05,data/problem7.txt,78,0.855146124523507,418,26.97306251525879
300,3,0.1,data/problem7.txt,78,0.8462747563659226,317,21.08185625076294
300,3,0.15,data/problem7.txt,78,0.8470736312146003,530,35.06150436401367
100,1,0.05,data/problem7.txt,30,0.9990103908955963,638,12.675014019012451
100,1,0.1,data/problem7.txt,28,0.9944588104913188,571,11.891017198562622
100,1,0.15,data/problem7.txt,32,0.9904341427520236,574,11.571016550064087
100,2,0.05,data/problem7.txt,77,0.874025974025974,528,10.421384572982788
100,2,0.1,data/problem7.txt,74,0.843358395989975,338,6.762011289596558
100,2,0.15,data/problem7.txt,71,0.8582359192348565,731,14.55813717842102
100,3,0.05,data/problem7.txt,80,0.8239975512702785,382,7.909969806671143
100,3,0.1,data/problem7.txt,85,0.7775852108607741,479,9.5700101852417
100,3,0.15,data/problem7.txt,85,0.7744533947065593,697,13.991015434265137
200,1,0.05,data/problem7.txt,37,0.999628666914222,770,31.930325508117676
200,1,0.1,data/problem7.txt,29,0.9972832798221783,824,34.82004141807556
200,1,0.15,data/problem7.txt,32,0.9964219617520049,1102,47.02142953872681
200,2,0.05,data/problem7.txt,74,0.8719499028287627,496,20.33575963973999
200,2,0.1,data/problem7.txt,72,0.897133970228838,536,22.725284814834595
200,2,0.15,data/problem7.txt,72,0.8461860854987426,627,26.613030195236206
200,3,0.05,data/problem7.txt,77,0.8600638977635783,288,12.050002813339233
200,3,0.1,data/problem7.txt,76,0.8695090439276486,379,16.210067749023438
200,3,0.15,data/problem7.txt,79,0.8285626346568175,428,17.97697949409485
300,1,0.05,data/problem7.txt,41,0.9997524139638524,595,38.96496510505676
300,1,0.1,data/problem7.txt,37,0.9990103908955963,872,57.63367819786072
300,1,0.15,data/problem7.txt,27,0.9974064468321601,822,55.11322283744812
300,2,0.05,data/problem7.txt,73,0.9219178082191781,407,27.02115774154663
300,2,0.1,data/problem7.txt,73,0.9047725745014564,442,28.96195912361145
300,2,0.15,data/problem7.txt,71,0.8749729144095342,590,39.49899387359619
300,3,0.05,data/problem7.txt,74,0.8916859887379928,262,17.001235723495483
300,3,0.1,data/problem7.txt,79,0.8518987341772152,296,19.798051834106445
300,3,0.15,data/problem7.txt,83,0.7848396501457726,589,39.03264117240906
100,1,0.05,data/problem8.txt,62,0.9998242633706286,941,26.83602738380432
100,1,0.1,data/problem8.txt,62,0.9983037959876002,864,18.788022994995117
100,1,0.15,data/problem8.txt,50,0.9991804238379581,1171,23.980803966522217
100,2,0.05,data/problem8.txt,153,0.8950183534347143,765,15.159096956253052
100,2,0.1,data/problem8.txt,159,0.8735796908588391,1073,21.29383111000061
100,2,0.15,data/problem8.txt,158,0.8588969404186796,495,10.002189636230469
100,3,0.05,data/problem8.txt,170,0.828624138265851,382,7.457106590270996
100,3,0.1,data/problem8.txt,165,0.8355607774024575,492,10.20700478553772
100,3,0.15,data/problem8.txt,172,0.8025579536370904,536,10.832229852676392
200,1,0.05,data/problem8.txt,61,0.9998828353837141,638,26.69610071182251
200,1,0.1,data/problem8.txt,61,0.9990049751243781,804,34.32065773010254
200,1,0.15,data/problem8.txt,54,0.9983621899859616,1074,46.24796676635742
200,2,0.05,data/problem8.txt,158,0.8797031233893413,520,21.449034452438354
200,2,0.1,data/problem8.txt,151,0.9174371102988604,573,23.80801510810852
200,2,0.15,data/problem8.txt,152,0.8353563038371182,566,24.438047409057617
200,3,0.05,data/problem8.txt,164,0.8574729967344888,490,20.10781717300415
200,3,0.1,data/problem8.txt,169,0.8416173570019724,607,25.651137113571167
200,3,0.15,data/problem8.txt,197,0.715189608212864,709,29.7721688747406
300,1,0.05,data/problem8.txt,62,0.9996485884971301,800,53.18204474449158
300,1,0.1,data/problem8.txt,52,0.998888043541874,697,46.89029240608215
300,1,0.15,data/problem8.txt,43,0.9978952291861553,963,65.21388912200928
300,2,0.05,data/problem8.txt,156,0.8884030814074537,504,33.53010058403015
300,2,0.1,data/problem8.txt,151,0.8923044751150147,853,56.83624291419983
300,2,0.15,data/problem8.txt,152,0.8904424040066778,528,36.598551511764526
300,3,0.05,data/problem8.txt,169,0.8416173570019724,513,33.829012870788574
300,3,0.1,data/problem8.txt,160,0.8766307139188495,362,23.89409613609314
300,3,0.15,data/problem8.txt,163,0.8578608765581022,690,46.283071756362915
100,1,0.05,data/problem8.txt,71,0.9998828353837141,691,13.756052494049072
100,1,0.1,data/problem8.txt,63,0.9991219340865187,747,15.064038276672363
100,1,0.15,data/problem8.txt,35,0.9974869966688096,928,19.48400568962097
100,2,0.05,data/problem8.txt,158,0.8709940804245765,1010,19.927508115768433
100,2,0.1,data/problem8.txt,154,0.8897925138150349,567,11.351996898651123
100,2,0.15,data/problem8.txt,154,0.8439477848101266,636,12.774047136306763
100,3,0.05,data/problem8.txt,177,0.8006379585326954,746,15.135007381439209
100,3,0.1,data/problem8.txt,167,0.8451178451178452,1136,22.613138914108276
100,3,0.15,data/problem8.txt,173,0.8141576035107804,473,9.553008794784546
200,1,0.05,data/problem8.txt,66,0.9998242633706286,699,29.638075828552246
200,1,0.1,data/problem8.txt,58,0.9994144513409065,779,32.79046845436096
200,1,0.15,data/problem8.txt,33,0.9979535753961294,971,42.131890058517456
200,2,0.05,data/problem8.txt,159,0.8714387828040437,448,18.51105785369873
200,2,0.1,data/problem8.txt,154,0.8778932208620512,551,23.509082794189453
200,2,0.15,data/problem8.txt,152,0.8923044751150147,634,26.75787878036499
200,3,0.05,data/problem8.txt,172,0.826937984496124,623,26.106723308563232
200,3,0.1,data/problem8.txt,175,0.8082587488753137,600,25.142126321792603
200,3,0.15,data/problem8.txt,172,0.8212086220169361,437,18.426994800567627
300,1,0.05,data/problem8.txt,55,0.9997656982193065,599,40.031107902526855
300,1,0.1,data/problem8.txt,45,0.9984789984789985,598,40.2085542678833
300,1,0.15,data/problem8.txt,38,0.9974869966688096,949,63.82563924789429
300,2,0.05,data/problem8.txt,149,0.937493134131605,392,25.433054447174072
300,2,0.1,data/problem8.txt,150,0.8987888362295945,798,53.03789758682251
300,2,0.15,data/problem8.txt,154,0.8901637634296443,804,54.169196128845215
300,3,0.05,data/problem8.txt,155,0.9101477096997813,325,21.00810980796814
300,3,0.1,data/problem8.txt,179,0.7902949483724592,396,26.544014930725098
300,3,0.15,data/problem8.txt,168,0.81380822962857,418,27.77485990524292
100,1,0.05,data/problem8.txt,64,0.9995900439238653,646,13.180047988891602
100,1,0.1,data/problem8.txt,60,0.9983621899859616,1006,20.290274143218994
100,1,0.15,data/problem8.txt,53,0.9976619125555296,1083,21.855107069015503
100,2,0.05,data/problem8.txt,156,0.8718839395177769,416,8.195480823516846
100,2,0.1,data/problem8.txt,161,0.8459555908009516,560,11.659061431884766
100,2,0.15,data/problem8.txt,155,0.8751025430680885,907,18.415096282958984
100,3,0.05,data/problem8.txt,173,0.8103309120258273,372,7.2940332889556885
100,3,0.1,data/problem8.txt,186,0.7532547773511629,510,10.125005960464478
100,3,0.15,data/problem8.txt,173,0.8221579961464355,899,18.380511045455933
200,1,0.05,data/problem8.txt,52,0.9999414142597691,755,31.426079273223877
200,1,0.1,data/problem8.txt,49,0.9992974238875878,1091,49.31179976463318
200,1,0.15,data/problem8.txt,44,0.9975452951490357,979,46.91748356819153
200,2,0.05,data/problem8.txt,157,0.8933319376112216,627,26.119974374771118
200,2,0.1,data/problem8.txt,153,0.877171343406311,452,18.97413420677185
200,2,0.15,data/problem8.txt,156,0.8452015450133703,670,28.731976985931396
200,3,0.05,data/problem8.txt,174,0.8146239022527683,729,29.8271222114563
200,3,0.1,data/problem8.txt,157,0.895112229913992,585,24.914194345474243
200,3,0.15,data/problem8.txt,169,0.8343354353033191,668,28.178217887878418
300,1,0.05,data/problem8.txt,59,1.0,456,30.384042501449585
300,1,0.1,data/problem8.txt,63,0.9987126974839087,854,57.444780111312866
300,1,0.15,data/problem8.txt,55,0.9969043864260265,642,43.34300374984741
300,2,0.05,data/problem8.txt,156,0.9044086477320898,685,44.59108853340149
300,2,0.1,data/problem8.txt,155,0.8797938144329897,431,28.792942762374878
300,2,0.15,data/problem8.txt,148,0.8799752526294081,822,55.33209037780762
300,3,0.05,data/problem8.txt,169,0.8388872505652216,433,28.18259859085083
300,3,0.1,data/problem8.txt,172,0.8222768222768223,703,47.813437700271606
300,3,0.15,data/problem8.txt,176,0.803691670198239,603,40.657819747924805
100,1,0.05,data/problem8.txt,50,0.9998828353837141,882,17.50279402732849
100,1,0.1,data/problem8.txt,51,0.9984789984789985,680,14.47400426864624
100,1,0.15,data/problem8.txt,49,0.9980119284294234,920,19.012003660202026
100,2,0.05,data/problem8.txt,158,0.8706386451744542,464,9.281997680664062
100,2,0.1,data/problem8.txt,164,0.8147016706443914,619,12.318064212799072
100,2,0.15,data/problem8.txt,160,0.865253979519416,561,11.262094736099243
100,3,0.05,data/problem8.txt,164,0.8672764227642277,309,6.120997428894043
100,3,0.1,data/problem8.txt,176,0.804600952246264,660,13.511361122131348
100,3,0.15,data/problem8.txt,186,0.761930270970046,719,14.534077644348145
200,1,0.05,data/problem8.txt,54,0.9999414142597691,587,24.434054374694824
200,1,0.1,data/problem8.txt,56,0.9994144513409065,767,33.28215146064758
200,1,0.15,data/problem8.txt,42,0.9973704201484251,778,33.110220432281494
200,2,0.05,data/problem8.txt,155,0.9077757685352622,792,33.34501671791077
200,2,0.1,data/problem8.txt,152,0.913998072185927,645,27.334584712982178
200,2,0.15,data/problem8.txt,160,0.8516966067864271,473,20.568044185638428
200,3,0.05,data/problem8.txt,163,0.8691312760973623,449,18.39140009880066
200,3,0.1,data/problem8.txt,170,0.8328697604059923,856,36.05508637428284
200,3,0.15,data/problem8.txt,172,0.8153243527276202,484,20.529094457626343
300,1,0.05,data/problem8.txt,59,0.9998242633706286,844,55.97620248794556
300,1,0.1,data/problem8.txt,58,0.9990049751243781,961,64.14127588272095
300,1,0.15,data/problem8.txt,42,0.9980702882872347,1210,86.775545835495
300,2,0.05,data/problem8.txt,157,0.8782546053308634,542,42.410973072052
300,2,0.1,data/problem8.txt,154,0.8751025430680885,517,34.54322528839111
300,2,0.15,data/problem8.txt,149,0.889421573736321,576,37.77624988555908
300,3,0.05,data/problem8.txt,161,0.8785258389952646,367,24.402514934539795
300,3,0.1,data/problem8.txt,160,0.8889583333333333,557,36.86103820800781
300,3,0.15,data/problem8.txt,164,0.8548960681192086,738,49.51225686073303
100,1,0.05,data/problem8.txt,55,0.9989465059112724,665,13.578039407730103
100,1,0.1,data/problem8.txt,57,0.9989465059112724,1009,20.34923481941223
100,1,0.15,data/problem8.txt,40,0.9980702882872347,1071,21.733044385910034
100,2,0.05,data/problem8.txt,151,0.9024957698815567,740,14.671956300735474
100,2,0.1,data/problem8.txt,159,0.8734008801555624,591,12.068001747131348
100,2,0.15,data/problem8.txt,158,0.8645527302198359,725,14.5240957736969
100,3,0.05,data/problem8.txt,181,0.7800018279864729,359,7.007997751235962
100,3,0.1,data/problem8.txt,174,0.8132266056794358,604,12.084058284759521
100,3,0.15,data/problem8.txt,176,0.789965750254559,603,12.352133989334106
200,1,0.05,data/problem8.txt,56,0.9999414142597691,615,26.07699942588806
200,1,0.1,data/problem8.txt,58,0.9991219340865187,735,31.048061847686768
200,1,0.15,data/problem8.txt,48,0.9974287050023375,843,36.27242064476013
200,2,0.05,data/problem8.txt,155,0.8834368530020704,489,20.154142379760742
200,2,0.1,data/problem8.txt,153,0.8904424040066778,578,24.562087535858154
200,2,0.15,data/problem8.txt,157,0.8783449979415398,739,31.20612335205078
200,3,0.05,data/problem8.txt,163,0.8687331399195806,634,26.839240312576294
200,3,0.1,data/problem8.txt,167,0.8471312289060949,525,21.850419998168945
200,3,0.15,data/problem8.txt,172,0.8019922939573348,464,20.228144884109497
300,1,0.05,data/problem8.txt,55,0.9998242633706286,645,42.42258644104004
300,1,0.1,data/problem8.txt,41,0.9997071399285421,1218,90.04828143119812
300,1,0.15,data/problem8.txt,51,0.9945807353883807,557,37.63608121871948
300,2,0.05,data/problem8.txt,154,0.9108762941615968,650,42.65711951255798
300,2,0.1,data/problem8.txt,158,0.8857291126102751,636,42.326404094696045
300,2,0.15,data/problem8.txt,154,0.8784354091610911,591,39.97025489807129
300,3,0.05,data/problem8.txt,164,0.8621508309339799,390,25.342051029205322
300,3,0.1,data/problem8.txt,169,0.8338463041672773,348,22.82514238357544
300,3,0.15,data/problem8.txt,161,0.8528456503272872,637,42.736164569854736
100,1,0.05,data/problem9.txt,56,0.9977651134204939,1143,42.635220527648926
